id,prompt,response,file_path,commit_hash,timestamp,prompt_length,response_length,model_used,response_time,relevance
19,How to read a CSV file?,Use pandas.read_csv(),file_a.py,abc123,2026-03-09 10:00:00,23,21,models/gemini-2.5-flash,1.2,1
20,CSV parsing errors,Handle with try/except,file_a.py,abc123,2026-03-09 10:02:00,18,22,models/gemini-2.5-flash,0.8,1
21,CSV encoding issues,Use encoding='utf-8',file_a.py,abc123,2026-03-09 10:04:00,19,20,models/gemini-2.5-flash,1.1,1
22,Still getting CSV errors,Check file path exists,file_a.py,abc124,2026-03-09 10:06:00,24,22,models/gemini-2.5-flash,0.9,1
23,How to create a class?,class MyClass: ...,file_b.py,abc124,2026-03-09 11:00:00,22,18,models/gemini-2.5-flash,1.5,1
24,Add method to class,def my_method(self): ...,file_b.py,abc125,2026-03-09 13:00:00,19,24,models/gemini-2.5-flash,2.0,1
25,Database connection in Python,Use sqlite3.connect(),file_c.py,abc125,2026-03-09 12:00:00,29,21,models/gemini-2.5-flash,1.8,1
26,SQL injection prevention,Use parameterized queries,file_c.py,abc126,2026-03-09 12:08:00,24,25,models/gemini-2.5-flash,1.3,1
27,Database indexing,CREATE INDEX ...,file_c.py,abc126,2026-03-09 12:20:00,17,16,models/gemini-2.5-flash,1.6,1
28,What is Python GIL?,Global Interpreter Lock...,,abc126,2026-03-09 14:00:00,19,26,models/gemini-2.5-flash,2.1,0
29,Explain decorators,@decorator syntax...,,abc127,2026-03-09 15:00:00,18,20,models/gemini-2.5-flash,1.9,0
30,What is RAG?,"RAG stands for **Retrieval-Augmented Generation**. It's a technique used to improve the accuracy, reliability, and currency of responses generated by Large Language Models (LLMs) by grounding them in external, up-to-date, and domain-specific information.

### The Problem RAG Solves

Traditional LLMs are trained on vast datasets, but they have limitations:

1.  **Stale Knowledge:** Their knowledge is limited to their training data cutoff date. They can't access real-time information.
2.  **Hallucination:** LLMs can ""make up"" facts or confidently provide incorrect information if they haven't learned enough about a specific topic.
3.  **Lack of Domain-Specific Knowledge:** They might not know about your company's internal documents, the latest scientific papers, or very niche subjects.
4.  **Inability to Cite Sources:** They can't tell you *where* they got the information, making it hard to verify.
5.  **Context Window Limitations:** While improving, LLMs still have a finite amount of text they can process in a single prompt. You can't just dump an entire library into the prompt.

### How RAG Works (Step-by-Step)

RAG combines two main stages: **Retrieval** and **Generation**.

**Phase 1: Indexing/Preparation (Offline Process)**

1.  **Data Ingestion:** You gather your external knowledge base (e.g., PDFs, websites, databases, internal wikis, articles, etc.).
2.  **Chunking:** The documents are broken down into smaller, manageable pieces or ""chunks."" (e.g., paragraphs, sections, or even just a few sentences).
3.  **Embedding:** Each text chunk is converted into a numerical vector (an ""embedding"") using an **embedding model**. This vector represents the semantic meaning of the chunk. Semantically similar chunks will have vectors that are ""close"" to each other in a high-dimensional space.
4.  **Vector Database Storage:** These embeddings (along with a reference back to their original text chunks) are stored in a specialized database called a **vector database** (or vector store).

**Phase 2: Retrieval & Generation (Online Process - At Query Time)**

1.  **User Query:** A user asks a question (e.g., ""What are the latest Q3 sales figures?"").
2.  **Query Embedding:** The user's query is also converted into a numerical vector using the *same embedding model* that was used for the document chunks.
3.  **Semantic Search (Retrieval):** The query's vector is used to perform a similarity search in the vector database. The system retrieves the top N most semantically relevant document chunks from your external knowledge base.
4.  **Prompt Augmentation:** These retrieved chunks are then combined with the original user query to form an ""augmented"" prompt.
    *   *Example Augmented Prompt:* ""Based on the following context, answer the user's question. Context: [Retrieved Chunk 1], [Retrieved Chunk 2], [Retrieved Chunk 3]. User's Question: What are the latest Q3 sales figures?""
5.  **LLM Generation:** This augmented prompt is sent to the LLM. The LLM then generates a response, but crucially, it is instructed to base its answer *only* on the provided context. This ""grounds"" the LLM's response in factual, external data.

### Benefits of Using RAG

*   **Reduced Hallucination:** By providing explicit context, the LLM is less likely to invent facts.
*   **Access to Up-to-Date Information:** You can continuously update your knowledge base without retraining the LLM.
*   **Domain-Specific Accuracy:** The LLM can answer questions about your specific data, even if it wasn't part of its original training.
*   **Transparency and Attribution:** Since the information comes from a source, you can often provide citations or links back to the original documents.
*   **Cost-Effective:** RAG is often more cost-effective than continually fine-tuning or retraining large LLMs for new data.
*   **Improved Relevance and Trustworthiness:** Responses are more likely to be accurate, relevant, and trustworthy because they are grounded in verifiable data.

In essence, RAG acts like giving an LLM an ""open book exam."" Instead of relying solely on its memory, it can ""look up"" relevant information in real-time before providing an answer, making its responses more accurate, current, and reliable.",rag.py,142f180cbbc2d1df1a9e8195b94d3b084440ccee,2026-03-09 22:20:39,12,4223,models/gemini-2.5-flash,12.09,1
31,How can i implement a graph RAG?,"Implementing a Graph RAG (Retrieval-Augmented Generation) is a powerful way to leverage the rich, interconnected data stored in graph databases to provide more accurate, contextual, and explainable responses from Large Language Models (LLMs).

Unlike traditional RAG which primarily retrieves flat text chunks, Graph RAG focuses on retrieving **structured knowledge (entities, relationships, and their properties)** from a knowledge graph.

Here's a breakdown of how to implement it, including different approaches and considerations:

### What Problem Does Graph RAG Solve?

*   **Relational Understanding:** LLMs often struggle with complex multi-hop relationships or inferring facts based on connections, even if the information is implicitly present in text. Graphs excel at this.
*   **Precision:** Standard RAG might retrieve a document about a person, but not specifically the *relationship* between that person and a specific project, which a graph can directly query.
*   **Explainability:** Graph RAG can show the exact path or entities retrieved from the graph that led to an answer, improving transparency.
*   **Reduced Hallucination for Structured Data:** By querying facts directly from a graph, the LLM is less likely to invent relationships or properties.

### Core Steps in Graph RAG Implementation

The overall flow still involves Retrieval and Generation, but the Retrieval phase is significantly different.

**Phase 1: Knowledge Graph Construction (Offline/Preparation)**

1.  **Data Ingestion & Extraction:**
    *   **From Structured Data:** Convert existing relational databases, CSVs, or APIs into graph format (nodes, relationships, properties).
    *   **From Unstructured Data:** This is often the most complex part.
        *   **Entity Extraction (NER):** Identify key entities (people, organizations, locations, products, events, etc.) from documents using LLMs or dedicated NER tools.
        *   **Relationship Extraction (RE):** Identify the relationships between these extracted entities (e.g., ""Alice WORKS_FOR Company X,"" ""Product Y IS_PART_OF System Z"").
        *   **Property Extraction:** Extract attributes for entities and relationships (e.g., ""Company X has_revenue $1B,"" ""WORKS_FOR has_start_date 2020-01-01"").
        *   **Open Information Extraction (OpenIE):** Broader extraction of (Subject, Predicate, Object) triples.
    *   **Embedding Document Chunks (Optional but Recommended):** Store embeddings of the original document chunks (or summaries) that contributed to the graph, linking them to the respective nodes/edges. This enables hybrid retrieval later.

2.  **Graph Database Population:**
    *   Store the extracted entities as **nodes** (e.g., `(:Person {name: ""Alice""})`).
    *   Store the relationships as **edges** connecting nodes (e.g., `(alice)-[:WORKS_FOR]->(companyX)`).
    *   Store attributes as **properties** on nodes and edges.
    *   **Add Metadata:** Store references to original source documents, timestamps, confidence scores, etc., as properties.

**Phase 2: Retrieval & Generation (Online/At Query Time)**

This phase has different flavors depending on how you choose to retrieve from the graph.

---

### Approach 1: LLM-Generated Graph Queries (Graph-Native Retrieval)

This is the most direct approach where the LLM's role is to translate natural language into a graph query language.

1.  **User Query:** A user asks a question (e.g., ""Who works for Google and has a skill in Python?"").
2.  **Query to Graph Query Translation:**
    *   The user query is sent to an LLM, potentially with a system prompt that includes the graph schema (node labels, relationship types, property names).
    *   The LLM's task is to generate a query in the graph database's native language (e.g., Cypher for Neo4j, Gremlin for TinkerPop-compatible graphs, SPARQL for RDF graphs).
    *   *Example System Prompt:* ""You are an expert in Cypher. Given the following graph schema: Nodes: Person (name, skills), Company (name), Project (name). Relationships: WORKS_FOR, HAS_SKILL, WORKS_ON. Translate the user question into a Cypher query. Question: 'Who works for Google and has a skill in Python?'""
    *   *Expected LLM Output (Cypher):* `MATCH (p:Person)-[:WORKS_FOR]->(c:Company {name: 'Google'}), (p)-[:HAS_SKILL]->(s:Skill {name: 'Python'}) RETURN p.name`
3.  **Graph Query Execution:** The generated graph query is executed directly against the graph database.
4.  **Result Formatting:** The results from the graph database (e.g., a list of person names, paths, or subgraphs) are formatted into a human-readable text string. This might involve:
    *   Converting a table of results into natural language sentences.
    *   Serializing a small subgraph into triples (Subject-Predicate-Object).
    *   JSON representation.
5.  **Prompt Augmentation & LLM Generation:**
    *   The formatted graph query results are combined with the original user query to form an augmented prompt.
    *   *Example Augmented Prompt:* ""Based on the following facts from our knowledge graph, answer the question: Facts: 'Alice works for Google and has a skill in Python. Bob works for Google and has a skill in Python.' Question: 'Who works for Google and has a skill in Python?'""
    *   The LLM generates a final natural language answer.

**Pros of Approach 1:**
*   Highly precise and leverages the full power of graph queries.
*   Directly retrieves factual information.

**Cons of Approach 1:**
*   LLM's ability to generate complex and error-free graph queries can be a bottleneck. Requires careful prompt engineering and potentially few-shot examples.
*   Error handling for invalid queries is crucial.
*   Requires the LLM to understand the graph schema.

---

### Approach 2: Hybrid Retrieval (Graph + Vector Search)

This approach combines the strengths of semantic search (vector embeddings) with the structural power of graphs.

1.  **User Query:** ""Show me projects related to natural language processing.""
2.  **Initial Retrieval (Vector Search):**
    *   The user query is embedded into a vector.
    *   This vector is used to perform a similarity search against a vector store containing embeddings of:
        *   Node/edge descriptions (e.g., a textual summary of a project node).
        *   Graph-based summaries (e.g., an embedding of a small, important subgraph or path).
        *   Original document chunks (if linking back to source text).
    *   This step identifies relevant *starting points* (nodes/edges) or relevant *documents* in the graph.
    *   *Where are these embeddings stored?* Either directly in the graph database if it supports vector properties (e.g., Neo4j's vector index), or in a dedicated vector database (e.g., Pinecone, Weaviate, Qdrant) linked back to the graph.
3.  **Graph Traversal / Expansion:**
    *   Once initial relevant nodes/edges are found, perform a limited, intelligent graph traversal around them to gather connected context.
    *   *Example:* If a ""Project"" node is found via vector search, traverse to connected ""Person"" nodes (via `WORKS_ON` relationship), ""Skill"" nodes, or ""Document"" nodes that are referenced by the project.
    *   This traversal can be pre-defined (e.g., ""always go 1-hop out from a Project node"") or dynamically determined by another LLM call or a rule engine.
4.  **Context Formatting:**
    *   The retrieved subgraph (nodes, relationships, properties) is formatted into a textual representation suitable for the LLM's context window. This could be:
        *   A list of (Subject, Predicate, Object) triples.
        *   Natural language sentences describing the entities and relationships.
        *   A condensed JSON representation.
5.  **Prompt Augmentation & LLM Generation:**
    *   Similar to Approach 1, the formatted graph context is combined with the original user query for the LLM to generate an answer.

**Pros of Approach 2:**
*   More robust for ambiguous or complex queries that don't map directly to a single graph query.
*   Leverages semantic similarity to find relevant graph sections.
*   Can act as a ""smart document retriever"" by finding relevant documents *via* graph relationships.

**Cons of Approach 2:**
*   More complex setup (managing embeddings, linking vector store to graph).
*   Traversal logic needs to be carefully designed to avoid overwhelming the context window with irrelevant information.

---

### Approach 3: Graph RAG as a ""Smart Document Selector""

This is a specific flavor of hybrid RAG where the graph's primary role is to filter and select the *most relevant documents* (or specific chunks within them) that should then undergo standard text-based RAG.

1.  **Graph Construction:** Your knowledge graph primarily maps relationships *between documents*, *topics*, *entities mentioned in documents*, etc.
    *   Nodes could be: Document, Section, Entity, Topic.
    *   Edges could be: MENTIONS, RELATED_TO, REFERENCES, IS_PART_OF, CO_OCCURS_WITH.
2.  **User Query:** ""Tell me about product X's performance in Q3.""
3.  **Graph Retrieval:**
    *   Using either Approach 1 (LLM-generated graph query) or Approach 2 (hybrid vector search + traversal), the graph is queried to identify the *most relevant documents or document sections*.
    *   *Example:* Query for documents that MENTION ""Product X"" and are RELATED_TO ""Q3 financial reports.""
4.  **Document Chunk Retrieval:**
    *   For the *identified relevant documents*, retrieve their actual text content. This might involve looking up specific document chunks stored alongside their embeddings (in a vector database or file system).
5.  **Standard RAG:**
    *   These retrieved text chunks are then passed to the LLM, along with the original user query, for standard Retrieval-Augmented Generation.

**Pros of Approach 3:**
*   Leverages existing RAG pipelines for text generation.
*   The graph acts as an intelligent filter, improving the quality of retrieved documents for RAG.
*   Excellent for finding specific information within a large corpus of linked documents.

**Cons of Approach 3:**
*   Requires a well-designed graph of document relationships.
*   Doesn't directly retrieve structured facts from the graph for the LLM, only the documents containing them.

---

### Key Technologies and Tools

*   **Graph Databases:**
    *   **Neo4j:** Very popular, strong Cypher query language, good ecosystem. Increasingly has vector search capabilities.
    *   **Amazon Neptune:** Managed graph database service.
    *   **ArangoDB:** Multi-model database (graph, document, key-value).
    *   **JanusGraph:** Open-source, distributed graph database.
*   **LLM Orchestration Frameworks:**
    *   **LangChain:** Offers `GraphDocumentLoader` to load data into a graph, `GraphQAChain` for querying graphs, and agents that can use graph tools.
    *   **LlamaIndex:** Has excellent support for graph indexes, allowing you to build knowledge graphs from documents and query them.
*   **Embedding Models:** OpenAI Embeddings, Cohere Embeddings, various models from Hugging Face Transformers.
*   **Vector Databases (if not using graph DB's native vector support):** Pinecone, Weaviate, Qdrant, Milvus.
*   **NLP Libraries for Extraction:** spaCy, NLTK, Stanza, Hugging Face Transformers (for fine-tuned NER/RE models).
*   **Python Libraries:** NetworkX (for in-memory graph manipulation), py2neo (Neo4j driver), gremlin-python (Gremlin driver).

### Advanced Considerations

*   **Schema Design:** A well-designed graph schema is critical for effective querying and data representation.
*   **Context Window Management:** Graphs can contain vast amounts of data. You need strategies to summarize or prune the retrieved subgraph to fit within the LLM's context window.
*   **Error Handling & Fallbacks:** What if the LLM generates an invalid graph query? What if no relevant data is found? Implement graceful degradation (e.g., fall back to vector search or general LLM response).
*   **Graph Embeddings (GNNs):** For very advanced scenarios, you might use Graph Neural Networks (GNNs) to generate embeddings *of the graph structure itself* or of nodes/edges based on their connections, which can then be used for retrieval.
*   **Real-time Updates:** How do you keep the graph up-to-date with new information, and how does this impact embeddings and indices?
*   **Human-in-the-Loop:** For complex graph construction or query validation, human oversight can be beneficial.

Graph RAG is a powerful paradigm that combines the best of structured knowledge representation with the flexible reasoning capabilities of LLMs. It's especially useful for complex, factual questions where relationships between entities are paramount.",rag.py,142f180cbbc2d1df1a9e8195b94d3b084440ccee,2026-03-09 22:22:18,32,12681,models/gemini-2.5-flash,26.87,1
32,"I didnt understand this, explain in simpler terms with an example","You got it! My apologies for getting too technical. Let's simplify Graph RAG with a clear analogy and example.

---

### The Problem with Regular RAG (Simplified)

Imagine you have a super-smart student (the LLM) who knows a lot, but has a few quirks:
1.  **Limited Memory:** Their memory is from their initial ""training,"" so they don't know the absolute latest stuff.
2.  **Guesses:** If they don't know something exactly, they might confidently *guess* or ""make up"" an answer.
3.  **Bad at ""Connecting the Dots"":** They're good at reading a paragraph and answering questions *about that paragraph*. But if the answer requires understanding complex relationships spread across many paragraphs or documents, they struggle to link them up precisely.

Regular RAG tries to help by giving the student a ""cheat sheet"" (retrieved text chunks) relevant to the question. This is great for getting *facts from specific documents*.

---

### What is a Graph? (The ""Investigation Board"" Analogy)

Now, imagine instead of a stack of documents, you have an ""Investigation Board"" – like a corkboard with photos, notes, and strings connecting them.

*   **Photos/Notes (Nodes):** These are the important ""things"" – people, companies, places, events, ideas. Let's call them **Entities**.
*   **Strings (Edges):** These are the ""connections"" or ""relationships"" between the things. Like ""Alice *works for* Google,"" or ""Paris *is the capital of* France.""

This ""Investigation Board"" is what we call a **Knowledge Graph**. It's brilliant at showing how everything is connected.

---

### Why Graph RAG is Special (The ""Detective"" Analogy)

Graph RAG is like giving our super-smart student (LLM) access to this **Investigation Board** instead of just a pile of documents.

**The student (LLM) becomes a Detective.**

When you ask a complex question that requires *connecting multiple facts* or understanding *relationships*, the LLM doesn't just read text; it literally ""looks"" at the connections on the Investigation Board.

**It's good for questions like:**

*   ""Who is friends with Alice, who works for Company X, and also lives in the city where Project Alpha is based?"" (This requires multiple hops/connections).
*   ""What caused Event B, given that Event A triggered Event B, and Event A was influenced by Factor C?""

---

### How Graph RAG Works (Simplified Steps with an Example)

Let's use a **Movie Database** as our example.

**Scenario:** You want to ask questions about actors, movies, and directors, specifically their relationships.

**Phase 1: Building the ""Movie Investigation Board"" (The Graph)**

1.  **Gather Movie Data:** You have information from movie websites, databases, scripts, etc.
2.  **Identify ""Things"" (Nodes):**
    *   `Movie {title: ""Inception"", year: 2010}`
    *   `Person {name: ""Leonardo DiCaprio""}`
    *   `Person {name: ""Christopher Nolan""}`
    *   `Genre {name: ""Sci-Fi""}`
3.  **Identify ""Connections"" (Edges):**
    *   Leonardo DiCaprio --**ACTED_IN**--> Inception
    *   Christopher Nolan --**DIRECTED**--> Inception
    *   Inception --**HAS_GENRE**--> Sci-Fi
    *   *(You'd do this for many movies, actors, directors, genres)*
4.  **Store it:** All these ""things"" and ""connections"" are put into a special **Graph Database**.

**Phase 2: Asking Questions and Getting Answers (The Detective at Work)**

Now, let's ask our detective (LLM) a tricky question:

**User Question:** ""Which movies did Christopher Nolan direct that Leonardo DiCaprio also acted in?""

Here's what happens in a Graph RAG system:

1.  **LLM ""Reads"" Your Question:** The LLM understands you're looking for movies involving *both* Christopher Nolan and Leonardo DiCaprio, specifically their `DIRECTED` and `ACTED_IN` relationships.

2.  **LLM Translates to ""Board Language"":** Instead of searching for text, the LLM (or a tool assisting it) converts your natural language question into a ""query"" for the Investigation Board. It's like saying:
    *   ""Detective, go find a **Movie** (M).
    *   Make sure **Christopher Nolan** --**DIRECTED**--> that **Movie** (M).
    *   AND make sure **Leonardo DiCaprio** --**ACTED_IN**--> that same **Movie** (M).""

3.  **The Graph Database Searches its Network:** The Graph Database rapidly ""walks"" through its connections:
    *   It finds ""Christopher Nolan"".
    *   It follows all the ""DIRECTED"" connections to find the movies he directed (e.g., Inception, Dunkirk, Interstellar).
    *   For *each of those movies*, it then checks if ""Leonardo DiCaprio"" also has an ""ACTED_IN"" connection to it.
    *   It finds that **""Inception""** is the only movie that satisfies *both* conditions.

4.  **Graph Returns the ""Connected Facts"":** The Graph Database tells the LLM: ""I found 'Inception'.""

5.  **LLM Forms the Final Answer:** The LLM now has the precise answer from the structured network. It takes this fact and crafts a natural-sounding response:
    *   ""Christopher Nolan directed 'Inception', and Leonardo DiCaprio also acted in it.""

---

### Why this is Better than Regular RAG for this type of question:

*   **Precision:** A regular RAG might find documents mentioning both actors and director, but it wouldn't guarantee they are talking about the *same movie* where both relationships explicitly exist. The graph gives you the *exact connection*.
*   **Reduced Hallucination:** The answer is directly from the structured, verifiable facts in your graph, not the LLM guessing or inferring from loose text.
*   **Complex Relationships:** It excels at multi-step queries like ""Who are the colleagues of people who worked on Project X, which was funded by Company Y?"" (Hard for text, easy for graph traversal).
*   **Explainability:** If you wanted, the system could even show you the ""path"" on the graph that led to the answer (e.g., ""Leonardo DiCaprio --ACTED_IN--> Inception <--DIRECTED-- Christopher Nolan"").

In simple terms: **Graph RAG gives the LLM a structured network of facts and relationships to query, making it much better at answering questions that require connecting multiple pieces of information precisely, rather than just searching for keywords in text.**",rag.py,142f180cbbc2d1df1a9e8195b94d3b084440ccee,2026-03-09 22:24:01,65,6127,models/gemini-2.5-flash,18.06,1
33,What are Carmicheal numbers?,"Carmichael numbers are fascinating and somewhat ""tricky"" numbers in number theory, primarily because they pose a challenge to simple primality tests.

Here's a breakdown:

### The Core Idea: They ""Lie"" About Being Prime

1.  **Fermat's Little Theorem (The Test):**
    A fundamental theorem in number theory states: If `p` is a **prime number**, then for any integer `a` not divisible by `p`, we have:
    `a^(p-1) ≡ 1 (mod p)`

    In simpler terms: If you pick a prime number `p` (like 7) and a number `a` that's not a multiple of `p` (like 2), then `a` raised to the power of `(p-1)` (i.e., `2^6`) will leave a remainder of 1 when divided by `p` (i.e., `2^6 = 64`, `64 ÷ 7` leaves a remainder of `1`).

2.  **Using it for Primality Testing:**
    We can use Fermat's Little Theorem as a *probabilistic* primality test. If you pick a number `n` and an `a`, and `a^(n-1) ≢ 1 (mod n)`, then `n` is **definitely composite** (not prime).
    However, if `a^(n-1) ≡ 1 (mod n)`, then `n` *might* be prime, or it might be a **pseudoprime** to that base `a`.

3.  **What Carmichael Numbers Are:**
    A **Carmichael number** is a **composite number** `n` that satisfies Fermat's Little Theorem for *all* integers `a` that are coprime to `n` (meaning `a` and `n` share no common factors other than 1).

    In essence, a Carmichael number is a composite number that *pretends* to be prime when tested with Fermat's Little Theorem, no matter which valid base `a` you choose. It's a ""Fermat pseudoprime"" to every possible base `a` (coprime to `n`).

### Key Properties & Korselt's Criterion

Carmichael numbers have specific properties summarized by **Korselt's Criterion (1899)**:

A composite number `n` is a Carmichael number if and only if:
1.  `n` is **square-free** (meaning it's not divisible by the square of any prime number, e.g., 12 is not square-free because it's divisible by `2^2=4`; 30 is square-free because `30 = 2 × 3 × 5`).
2.  For every prime factor `p` of `n`, it is true that `(p-1)` divides `(n-1)`.

### The Smallest Carmichael Number: 561

Let's look at **561** to see how it fits the definition:

1.  **Is it composite?** Yes, `561 = 3 × 11 × 17`.
2.  **Is it square-free?** Yes, `3`, `11`, and `17` are all distinct primes, so no prime factor is repeated.
3.  **Check Korselt's Criterion (p-1 divides n-1):**
    *   For `p = 3`: `p-1 = 2`. `n-1 = 560`. Does `2` divide `560`? Yes, `560 ÷ 2 = 280`.
    *   For `p = 11`: `p-1 = 10`. `n-1 = 560`. Does `10` divide `560`? Yes, `560 ÷ 10 = 56`.
    *   For `p = 17`: `p-1 = 16`. `n-1 = 560`. Does `16` divide `560`? Yes, `560 ÷ 16 = 35`.

Since all conditions are met, **561 is indeed a Carmichael number**. This means for any number `a` that isn't a multiple of 3, 11, or 17 (i.e., coprime to 561), you'll find that `a^560 ≡ 1 (mod 561)`.

### Why are they important?

*   **Primality Testing:** Carmichael numbers highlight the limitations of simple primality tests like the Fermat primality test. While finding an `a` such that `a^(n-1) ≢ 1 (mod n)` *proves* `n` is composite, failing to find such an `a` *doesn't prove* `n` is prime if `n` happens to be a Carmichael number.
*   **Stronger Tests:** This led to the development of stronger probabilistic primality tests, such as the **Miller-Rabin primality test**, which can reliably identify composite numbers, including Carmichael numbers.

### How many are there?

They are relatively rare. The first few Carmichael numbers are:
561, 1105, 1729, 2465, 2821, 6601, 8911...

It was conjectured for a long time that there might be infinitely many Carmichael numbers, and this was finally proven true in 1994 by Alford, Granville, and Pomerance.

In summary, Carmichael numbers are special composite numbers that perfectly mimic the behavior of prime numbers under Fermat's Little Theorem, making them famous ""false positives"" in a foundational primality test.",daa.py,142f180cbbc2d1df1a9e8195b94d3b084440ccee,2026-03-09 22:26:01,28,3878,models/gemini-2.5-flash,12.96,1
34,Give examples of it,"Okay, let's look at examples of Carmichael numbers in action, focusing on the smallest and most famous one: **561**.

The core idea is that for a Carmichael number `n` (which is composite), `a^(n-1) ≡ 1 (mod n)` holds true for almost any `a` (specifically, `a` coprime to `n`), making it *look* prime by this test.

---

### Example 1: `n = 561` (The smallest Carmichael Number)

First, recall that `561` is **composite**: `561 = 3 × 11 × 17`.

Now, let's pick a few numbers `a` that are **coprime to 561** (meaning `a` doesn't share any prime factors with 561, so `a` is not a multiple of 3, 11, or 17).

Our goal is to test if `a^(561-1) ≡ 1 (mod 561)`, which is `a^560 ≡ 1 (mod 561)`.

**Test with `a = 2`:**

*   Is `a=2` coprime to `n=561`? Yes, 2 is not a factor of 561.
*   We need to calculate `2^560 mod 561`.
*   If you were to calculate this (you'd typically use a computer program for such large exponents), you would find:
    **`2^560 ≡ 1 (mod 561)`**

This result makes 561 *act* like a prime number for the base 2.

**Test with `a = 7`:**

*   Is `a=7` coprime to `n=561`? Yes, 7 is not a factor of 561.
*   We need to calculate `7^560 mod 561`.
*   Again, calculating this, you would find:
    **`7^560 ≡ 1 (mod 561)`**

This means 561 *also acts* like a prime number for the base 7.

**Test with `a = 4`:**

*   Is `a=4` coprime to `n=561`? Yes, 4 is not a factor of 561.
*   We need to calculate `4^560 mod 561`.
*   And yet again, the result would be:
    **`4^560 ≡ 1 (mod 561)`**

**The Takeaway for 561:**
Even though `561` is definitely **not a prime number** (it's `3 × 11 × 17`), it perfectly satisfies the condition `a^(n-1) ≡ 1 (mod n)` for many different choices of `a`. This is what makes it a Carmichael number – it ""lies"" about being prime.

---

### Example 2: `n = 1105`

*   `1105` is **composite**: `1105 = 5 × 13 × 17`.
*   So, `n-1 = 1104`.
*   Let's test with `a = 2` (which is coprime to 1105).
*   If you calculate `2^1104 mod 1105`, you will find:
    **`2^1104 ≡ 1 (mod 1105)`**

Again, `1105` acts like a prime number under this test, even though it's clearly composite.

---

### For Comparison: A Non-Carmichael Composite Number

Let's take a regular composite number, say `n = 9`.

*   `n = 9` is composite (`3 × 3`).
*   So, `n-1 = 8`.
*   Let's pick `a = 2` (which is coprime to 9).
*   Now, we calculate `a^(n-1) mod n`, which is `2^8 mod 9`.

Let's calculate `2^8 mod 9`:
*   `2^1 = 2`
*   `2^2 = 4`
*   `2^3 = 8 ≡ -1 (mod 9)`
*   `2^4 ≡ (-1) × 2 = -2 ≡ 7 (mod 9)`
*   `2^8 = (2^4)^2 ≡ 7^2 = 49 (mod 9)`
*   `49 ÷ 9 = 5` with a remainder of `4`.
*   So, `2^8 ≡ 4 (mod 9)`.

**The Takeaway for 9:**
Since `4 ≢ 1 (mod 9)`, the Fermat test correctly identifies that `9` is **not a prime number** (or at least, not a Fermat pseudoprime to base 2). This is how the test is *supposed* to behave for most composite numbers.

---

### Other Carmichael Numbers

As a quick list, here are the first few Carmichael numbers:

*   **561** (`3 × 11 × 17`)
*   **1105** (`5 × 13 × 17`)
*   **1729** (`7 × 13 × 19`)
*   **2465** (`5 × 17 × 29`)
*   **2821** (`7 × 13 × 31`)

These numbers all share the surprising property that they satisfy Fermat's Little Theorem for nearly all bases, despite not being prime themselves.",daa.py,142f180cbbc2d1df1a9e8195b94d3b084440ccee,2026-03-09 22:27:10,19,3257,models/gemini-2.5-flash,16.76,1
35,Give examples of the 2nd promptt before the previous one,"Ah, you're referring to the **Augmented Prompt** from the Graph RAG explanation, which is sent to the LLM for its final answer generation! This is the prompt that includes the **retrieved information from the graph** *and* the **original user query**.

Here are some examples of this ""second prompt"" (the one that goes to the LLM after the graph query results have been retrieved and formatted):

---

### Scenario 1: Who works where? (From our detailed Graph RAG explanation)

**Original User Query:** ""Who works for Google and has a skill in Python?""

**Graph Retrieval Result (Formatted):**
(Assume the graph query successfully identified two people)
*   `Person {name: ""Alice""}` --`WORKS_FOR`--> `Company {name: ""Google""}`
*   `Person {name: ""Alice""}` --`HAS_SKILL`--> `Skill {name: ""Python""}`
*   `Person {name: ""Bob""}` --`WORKS_FOR`--> `Company {name: ""Google""}`
*   `Person {name: ""Bob""}` --`HAS_SKILL`--> `Skill {name: ""Python""}`

**The ""Second Prompt"" (Augmented Prompt for LLM):**

```
You are a helpful assistant. Based solely on the provided context from a knowledge graph, answer the user's question. If the information is not in the context, state that you cannot answer.

### Context:
Alice works for Google and has a skill in Python.
Bob works for Google and has a skill in Python.

### User Question:
Who works for Google and has a skill in Python?
```

---

### Scenario 2: Movie Database Example (From our simplified Graph RAG explanation)

**Original User Query:** ""Which movies did Christopher Nolan direct that Leonardo DiCaprio also acted in?""

**Graph Retrieval Result (Formatted):**
(Assume the graph query found one movie that fits both conditions)
*   `Person {name: ""Christopher Nolan""}` --`DIRECTED`--> `Movie {title: ""Inception""}`
*   `Person {name: ""Leonardo DiCaprio""}` --`ACTED_IN`--> `Movie {title: ""Inception""}`

**The ""Second Prompt"" (Augmented Prompt for LLM):**

```
Please answer the following question using only the information given in the 'Knowledge Graph Facts' section below. Do not use any outside knowledge.

### Knowledge Graph Facts:
Christopher Nolan directed the movie Inception.
Leonardo DiCaprio acted in the movie Inception.

### Question:
Which movies did Christopher Nolan direct that Leonardo DiCaprio also acted in?
```

---

### Scenario 3: Product Information (Using a hypothetical graph about products and features)

**Original User Query:** ""What are the key features of Product X's latest model, and when was it released?""

**Graph Retrieval Result (Formatted):**
*   `Product {name: ""Product X""}` --`HAS_MODEL`--> `Model {name: ""X-2023""}`
*   `Model {name: ""X-2023""}` --`HAS_FEATURE`--> `Feature {name: ""Ultra-fast Processor""}`
*   `Model {name: ""X-2023""}` --`HAS_FEATURE`--> `Feature {name: ""AI-powered Camera""}`
*   `Model {name: ""X-2023""}` --`RELEASED_ON`--> `Date {value: ""2023-10-15""}`

**The ""Second Prompt"" (Augmented Prompt for LLM):**

```
You are an intelligent assistant. Provide a concise answer to the question based strictly on the provided data. If information is missing, state it.

### Data Context:
Product X has a model named X-2023.
Model X-2023 features an Ultra-fast Processor.
Model X-2023 also features an AI-powered Camera.
Model X-2023 was released on October 15, 2023.

### User Question:
What are the key features of Product X's latest model, and when was it released?
```

---

**In summary, this ""second prompt"" is always structured to:**
1.  **Instruct the LLM** to use *only* the provided context.
2.  **Provide the retrieved and formatted information** from the graph.
3.  **Include the original user's question.**

This ensures the LLM generates an accurate, grounded, and non-hallucinating answer based on your specific knowledge graph.",daa.py,142f180cbbc2d1df1a9e8195b94d3b084440ccee,2026-03-09 22:28:45,56,3735,models/gemini-2.5-flash,14.05,1
36,What are Catalan numbers,"Catalan numbers are a sequence of natural numbers that appear frequently in combinatorics, which is the branch of mathematics dealing with counting. They are named after the Belgian mathematician Eugène Charles Catalan.

What makes them special is that they solve a wide variety of seemingly unrelated counting problems that involve **recursive structures** or **constrained arrangements**, often dealing with things that need to be ""balanced"" or ""nested"" in some way.

### The Formula

The `n`-th Catalan number, denoted as `C_n`, can be calculated using a few different formulas. The most common one involves binomial coefficients:

`C_n = 1 / (n + 1) * C(2n, n)`

Where `C(2n, n)` is the binomial coefficient ""2n choose n"", which is `(2n)! / (n! * n!)`.

There's also a recursive definition:
`C_0 = 1`
`C_n = Σ (C_i * C_{n-1-i})` for `i` from `0` to `n-1`

### The First Few Catalan Numbers

Let's calculate the first few:

*   **C₀ = 1** (by definition, or for an ""empty"" case)
*   **C₁ = 1 / (1+1) * C(2, 1) = 1/2 * (2! / (1!1!)) = 1/2 * 2 = 1**
*   **C₂ = 1 / (2+1) * C(4, 2) = 1/3 * (4! / (2!2!)) = 1/3 * (24 / (2*2)) = 1/3 * 6 = 2**
*   **C₃ = 1 / (3+1) * C(6, 3) = 1/4 * (6! / (3!3!)) = 1/4 * (720 / (6*6)) = 1/4 * 20 = 5**
*   **C₄ = 1 / (4+1) * C(8, 4) = 1/5 * (8! / (4!4!)) = 1/5 * (40320 / (24*24)) = 1/5 * 70 = 14**

So, the sequence of Catalan numbers starts: **1, 1, 2, 5, 14, 42, 132, 429, 1430, 4862, ...**

### Examples of Problems They Solve

Here are some classic examples where Catalan numbers naturally appear:

1.  **Balanced Parentheses (Dyck Paths of Type 1):**
    The number of ways to arrange `n` pairs of parentheses such that they are ""balanced"" (each opening parenthesis has a matching closing parenthesis, and no closing parenthesis comes before its opening one).

    *   `C₀ = 1`: `""""` (empty string)
    *   `C₁ = 1`: `()`
    *   `C₂ = 2`: `(())`, `()()`
    *   `C₃ = 5`: `((()))`, `(()())`, `(())()`, `()(())`, `()()()`

2.  **Dyck Paths (of Type 2):**
    The number of paths on a grid from `(0,0)` to `(n,n)` using only steps right (`R`) and up (`U`), such that the path never goes *above* the main diagonal `y = x`. (Each path consists of `n` 'R' steps and `n` 'U' steps).

    *   `C₀ = 1`: Just the point `(0,0)`
    *   `C₁ = 1`: `RU` (right, up)
    *   `C₂ = 2`: `RRUU`, `RURU`
        *   (If you draw them, `RRUU` stays below/on `y=x`. `RURU` stays below/on `y=x`.)
    *   `C₃ = 5`: (e.g., `RRRUUU`, `RRURUU`, `RRUURU`, `RURRUU`, `RURURU`)

3.  **Binary Trees:**
    The number of distinct **rooted binary trees** with `n` internal nodes (nodes that have two children). This is equivalent to `n+1` leaves.

    *   `C₀ = 1`: A single leaf node (the ""empty"" tree with 0 internal nodes).
    *   `C₁ = 1`: A root node with two leaf children.
    *   `C₂ = 2`:
        *   Root has a left child (which is a root with two leaves) and a right leaf.
        *   Root has a left leaf and a right child (which is a root with two leaves).
    *   `C₃ = 5`: (More complex to draw, but there are 5 distinct structures)

4.  **Polygon Triangulation:**
    The number of ways to triangulate a convex `(n+2)`-sided polygon into `n` triangles by drawing non-intersecting diagonals. (Note the shift: `C_n` for `(n+2)` sides).

    *   `C₁ = 1`: For a `(1+2)=3`-sided polygon (a triangle), there's 1 way (it's already a triangle, 0 diagonals).
    *   `C₂ = 2`: For a `(2+2)=4`-sided polygon (a square/quadrilateral), there are 2 ways to draw one diagonal to split it into two triangles.
    *   `C₃ = 5`: For a `(3+2)=5`-sided polygon (a pentagon), there are 5 ways to draw two non-intersecting diagonals to split it into three triangles.

5.  **Stack Permutations:**
    The number of permutations of the sequence `(1, 2, ..., n)` that can be obtained using a single stack. These are also known as 123-avoiding permutations.

    *   `C₀ = 1`: `()` (empty permutation)
    *   `C₁ = 1`: `(1)`
    *   `C₂ = 2`: `(1, 2)`, `(2, 1)`
    *   `C₃ = 5`: `(1, 2, 3)`, `(1, 3, 2)`, `(2, 1, 3)`, `(2, 3, 1)`, `(3, 2, 1)`

---

Catalan numbers are a fundamental concept in combinatorics, demonstrating how a simple sequence can underpin solutions to a remarkably diverse set of counting problems, especially those involving nested or constrained arrangements.",daa.py,142f180cbbc2d1df1a9e8195b94d3b084440ccee,2026-03-09 22:29:40,24,4284,models/gemini-2.5-flash,17.32,1
37,What is Fibonacci number?,"The **Fibonacci numbers** form a famous sequence in mathematics named after Leonardo Pisano, better known as Fibonacci. This sequence is defined by a simple recurrence relation, but it appears in nature, art, and various fields of science and engineering in surprisingly frequent ways.

### The Definition

The Fibonacci sequence, denoted `F_n`, is defined as follows:

1.  **Starting Values (Base Cases):**
    *   `F_0 = 0`
    *   `F_1 = 1`

2.  **Recurrence Relation:**
    *   Each subsequent number is the sum of the two preceding ones.
    *   `F_n = F_{n-1} + F_{n-2}` for `n > 1`

### The Sequence

Let's generate the first few Fibonacci numbers:

*   `F_0 = 0` (Given)
*   `F_1 = 1` (Given)
*   `F_2 = F_1 + F_0 = 1 + 0 = 1`
*   `F_3 = F_2 + F_1 = 1 + 1 = 2`
*   `F_4 = F_3 + F_2 = 2 + 1 = 3`
*   `F_5 = F_4 + F_3 = 3 + 2 = 5`
*   `F_6 = F_5 + F_4 = 5 + 3 = 8`
*   `F_7 = F_6 + F_5 = 8 + 5 = 13`
*   `F_8 = F_7 + F_6 = 13 + 8 = 21`
*   `F_9 = F_8 + F_7 = 21 + 13 = 34`
*   `F_{10} = F_9 + F_8 = 34 + 21 = 55`

So, the Fibonacci sequence starts: **0, 1, 1, 2, 3, 5, 8, 13, 21, 34, 55, ...**

### Historical Context

Fibonacci introduced this sequence in his 1202 book *Liber Abaci* (Book of Calculation) as a solution to a problem involving rabbit breeding:

""Suppose a pair of rabbits is placed in an enclosed area. How many pairs of rabbits will be born in a year if every month each pair begets a new pair which, from the second month on, becomes productive?""

The growth of the rabbit population, under certain idealized conditions, follows the Fibonacci sequence.

### Connections and Applications

Fibonacci numbers appear in a wide range of contexts:

1.  **Nature:**
    *   **Branching in trees:** The number of branches on trees and plants often follows Fibonacci numbers.
    *   **Leaf arrangements (phyllotaxis):** The arrangement of leaves or petals around a stem (e.g., in sunflowers, pinecones, artichokes) frequently follows a Fibonacci spiral or pattern.
    *   **Nautilus shells:** The growth pattern of these shells often approximates a logarithmic spiral related to Fibonacci numbers.
    *   **Hurricane patterns:** Similar spiral patterns can be observed.

2.  **The Golden Ratio (Φ or Phi):**
    One of the most remarkable properties of the Fibonacci sequence is its relationship with the golden ratio, approximately `1.618`. As you go further into the sequence, the ratio of consecutive Fibonacci numbers `F_n / F_{n-1}` approaches the golden ratio.
    *   `F_2 / F_1 = 1/1 = 1`
    *   `F_3 / F_2 = 2/1 = 2`
    *   `F_4 / F_3 = 3/2 = 1.5`
    *   `F_5 / F_4 = 5/3 = 1.666...`
    *   `F_6 / F_5 = 8/5 = 1.6`
    *   `F_7 / F_6 = 13/8 = 1.625`
    *   `F_8 / F_7 = 21/13 ≈ 1.615`
    *   `F_9 / F_8 = 34/21 ≈ 1.619`
    *   ...and so on, getting closer and closer to `(1 + √5) / 2 ≈ 1.6180339887...`

3.  **Computer Science:**
    *   Used in algorithms, such as the Fibonacci search technique.
    *   In the analysis of the Euclidean algorithm for finding the greatest common divisor.
    *   Dynamic programming problems.

4.  **Art and Architecture:**
    The golden ratio, derived from Fibonacci numbers, has been used in art and architecture for centuries, believed to create aesthetically pleasing proportions (e.g., in the Parthenon, Leonardo da Vinci's works).

5.  **Music:**
    Some musical compositions are thought to incorporate Fibonacci numbers in their structure, such as the arrangement of notes or timing.

In essence, Fibonacci numbers are a cornerstone of mathematical sequences, revealing unexpected connections between pure mathematics and the patterns observed throughout the natural world and human creations.",fib.py,142f180cbbc2d1df1a9e8195b94d3b084440ccee,2026-03-09 22:51:08,25,3672,models/gemini-2.5-flash,8.07,0
38,What is skibiddi toilet?,"**Skibidi Toilet** is a highly popular and surreal animated web series on YouTube that gained immense viral fame, particularly among younger audiences (Gen Alpha and younger Gen Z).

Here's a breakdown of what it is:

1.  **Creator:** The series is created by a Georgian animator known as **DaFuq!?Boom!** (real name Alexey Gerasimov).

2.  **Premise/Plot:**
    *   **The Conflict:** The central concept revolves around an absurd and escalating war between two bizarre factions:
        *   **Skibidi Toilets:** These are sentient, aggressive human heads popping out of toilet bowls, constantly singing an earworm-like mashup of ""Dom Dom Yes Yes"" and ""Skibidi.""
        *   **The Alliance (or Agents):** These are humanoid figures with heads replaced by cameras (Cameramen), speakers (Speakermen), or televisions (TVmen). They are the protagonists, fighting against the Skibidi Toilets.
    *   **Evolution:** The series started with very short, simple videos of the toilet heads singing, but quickly evolved into an epic, action-packed saga with increasing complexity. The characters grow in size and power, new variants (like flying toilets or giant Speakermen) are introduced, and there's a developing, albeit largely unspoken, storyline about strategy, sacrifice, and alliances.

3.  **Format:**
    *   The videos are short, typically ranging from less than a minute to a few minutes long.
    *   They are CGI-animated in a style often described as ""Garry's Mod-esque"" due to its character models and physics.
    *   There is no dialogue, with the storytelling conveyed entirely through action, visuals, sound effects, and the iconic background music.

4.  **Why it's Popular:**
    *   **Absurdity and Novelty:** The bizarre premise itself is incredibly attention-grabbing.
    *   **Fast-Paced Action:** The episodes are dense with constant action, escalation, and quick cuts, keeping viewers engaged.
    *   **Short Form Content:** Its short, episodic nature makes it perfect for platforms like YouTube Shorts and TikTok, catering to modern consumption habits.
    *   **Catchy Music:** The ""Skibidi Dop Dop Yes Yes"" song is instantly recognizable and very sticky.
    *   **Simple Visual Storytelling:** The lack of dialogue makes it universally accessible to a global audience, regardless of language.
    *   **Escalating Stakes:** Each new episode tends to introduce a bigger threat or a more powerful ally, creating a continuous sense of anticipation.

5.  **Impact and Reception:**
    *   **Massive Viewership:** Episodes regularly achieve tens of millions, hundreds of millions, and even billions of views.
    *   **Cultural Phenomenon:** It has spawned countless memes, fan art, merchandise, and parodies across the internet.
    *   **Generational Divide:** While immensely popular with its target demographic, many older viewers (adults) find it confusing, nonsensical, repetitive, or even annoying, leading to debates about ""brain rot"" content. However, it's undeniably a significant cultural touchstone for younger generations.

In short, Skibidi Toilet is a unique and polarizing internet phenomenon – a bizarre, action-packed animated saga that has captivated millions of young viewers worldwide, showcasing the power of absurd concepts and rapid-fire animation in the digital age.",fib.py,142f180cbbc2d1df1a9e8195b94d3b084440ccee,2026-03-09 22:53:04,24,3309,models/gemini-2.5-flash,10.75,0
39,What is the 5th fibonacci number,"The 5th Fibonacci number is **5**.

Here's how we get there:

*   F₀ = 0
*   F₁ = 1
*   F₂ = F₁ + F₀ = 1 + 0 = 1
*   F₃ = F₂ + F₁ = 1 + 1 = 2
*   F₄ = F₃ + F₂ = 2 + 1 = 3
*   **F₅ = F₄ + F₃ = 3 + 2 = 5**",fib.py,142f180cbbc2d1df1a9e8195b94d3b084440ccee,2026-03-09 22:53:29,32,203,models/gemini-2.5-flash,2.82,0
40,What is the 6th fibonacci number,"The 6th Fibonacci number is **8**.

Here's the sequence up to that point:

*   F₀ = 0
*   F₁ = 1
*   F₂ = 1
*   F₃ = 2
*   F₄ = 3
*   F₅ = 5
*   **F₆ = F₅ + F₄ = 5 + 3 = 8**",fib.py,142f180cbbc2d1df1a9e8195b94d3b084440ccee,2026-03-09 22:53:57,32,173,models/gemini-2.5-flash,2.16,0
41,What is Fibonacci number?,"Okay, let's revisit the **Fibonacci numbers**!

The Fibonacci numbers are a famous sequence of integers in mathematics where each number is the sum of the two preceding ones.

Here's a summary:

1.  **Starting Points (Base Cases):**
    *   The sequence traditionally begins with `F_0 = 0`
    *   And `F_1 = 1`

2.  **The Rule (Recurrence Relation):**
    *   For any number in the sequence after the first two, it's calculated by adding the two previous numbers together.
    *   `F_n = F_{n-1} + F_{n-2}` (for `n` greater than 1)

### The Sequence

Following this rule, the Fibonacci sequence unfolds like this:

*   `F_0 = 0`
*   `F_1 = 1`
*   `F_2 = 1` (0 + 1)
*   `F_3 = 2` (1 + 1)
*   `F_4 = 3` (1 + 2)
*   `F_5 = 5` (2 + 3)
*   `F_6 = 8` (3 + 5)
*   `F_7 = 13` (5 + 8)
*   `F_8 = 21` (8 + 13)
*   ...and so on.

So the sequence begins: **0, 1, 1, 2, 3, 5, 8, 13, 21, 34, 55, ...**

### Key Characteristics & Significance

*   **Named after Fibonacci:** Leonardo Pisano, an Italian mathematician from the 13th century, introduced them to the Western world.
*   **Ubiquitous in Nature:** They appear surprisingly often in natural phenomena, such as:
    *   The branching patterns of trees.
    *   The arrangement of leaves on a stem (phyllotaxis).
    *   The spirals of sunflower seeds, pinecones, and snail shells.
*   **Connection to the Golden Ratio:** As you go further along the sequence, the ratio of any Fibonacci number to its preceding number (`F_n / F_{n-1}`) gets closer and closer to the **Golden Ratio** (approximately 1.618). This ratio is found in art, architecture, and design, often associated with aesthetic beauty.
*   **Applications:** Used in computer science algorithms, financial market analysis, and various other fields.

In essence, Fibonacci numbers are a simple mathematical sequence with profound and widespread connections throughout mathematics, nature, and human endeavors.",fibo.py,142f180cbbc2d1df1a9e8195b94d3b084440ccee,2026-03-09 23:00:59,25,1914,models/gemini-2.5-flash,4.49,1
42,What is skibiddi toilet?,"Okay, let's go over **Skibidi Toilet** again.

**Skibidi Toilet** is a very popular and often surreal animated web series found on YouTube, created by the animator **DaFuq!?Boom!** (Alexey Gerasimov). It became a massive viral phenomenon, especially among younger audiences.

Here's a breakdown:

1.  **The Premise:** The series depicts an absurd and ongoing war between two factions:
    *   **Skibidi Toilets:** These are human heads emerging from toilet bowls, which are sentient, aggressive, and constantly sing a catchy, nonsensical mashup tune (""Dom Dom Yes Yes"" and ""Skibidi"").
    *   **The Alliance (or Agents):** These are humanoid characters with heads replaced by cameras (Cameramen), speakers (Speakermen), or television screens (TVmen). They are the protagonists trying to fight and destroy the Skibidi Toilets.

2.  **How it Works:**
    *   **Short Episodes:** The videos are typically very short, usually under a few minutes, making them highly consumable.
    *   **CGI Animation:** It uses a distinctive CGI animation style, often compared to what you might see in a game like Garry's Mod.
    *   **No Dialogue:** There's no spoken language. The story is told purely through visual action, sound effects, and the iconic background music.
    *   **Escalation:** The series quickly evolved from simple, silly shorts into an epic, action-packed saga with increasing complexity. Characters grow in size and power, new variants appear, and there's an unspoken but clear progression of the war.

3.  **Why It's So Popular:**
    *   **Pure Absurdity:** The concept itself is incredibly bizarre and attention-grabbing.
    *   **Fast Pacing:** The episodes are full of constant action, quick cuts, and continuous escalation, which keeps viewers hooked.
    *   **Catchy Music:** The ""Skibidi Dop Dop Yes Yes"" song is instantly recognizable and very memorable.
    *   **Universal Appeal:** The lack of dialogue means anyone, anywhere, regardless of language, can understand the basic premise.
    *   **Short-Form Content:** Its format is perfectly suited for today's digital consumption habits, particularly on platforms like YouTube Shorts and TikTok.

4.  **Cultural Impact:**
    *   It has garnered billions of views across its episodes.
    *   It has generated countless memes, fan art, and discussions across the internet.
    *   While hugely popular with children and younger teenagers, it often bewilders or frustrates older generations who find it nonsensical, leading to discussions about ""brain rot"" content.

In essence, Skibidi Toilet is a unique internet phenomenon – a bizarre, rapidly escalating animated series that has successfully captivated a massive young audience worldwide through its blend of action, absurdity, and memorable hooks.",fibo.py,142f180cbbc2d1df1a9e8195b94d3b084440ccee,2026-03-09 23:01:14,24,2773,models/gemini-2.5-flash,4.85,0
43,What is the 5th fibonacci number,"The 5th Fibonacci number is **5**.

Here's how the sequence goes:
*   F₀ = 0
*   F₁ = 1
*   F₂ = 1 (0 + 1)
*   F₃ = 2 (1 + 1)
*   F₄ = 3 (1 + 2)
*   **F₅ = 5** (2 + 3)",fibo.py,142f180cbbc2d1df1a9e8195b94d3b084440ccee,2026-03-09 23:01:28,32,167,models/gemini-2.5-flash,2.14,0
44,What is Fibonacci number?,"Error: 429 RESOURCE_EXHAUSTED. {'error': {'code': 429, 'message': 'You exceeded your current quota, please check your plan and billing details. For more information on this error, head to: https://ai.google.dev/gemini-api/docs/rate-limits. To monitor your current usage, head to: https://ai.dev/rate-limit. \n* Quota exceeded for metric: generativelanguage.googleapis.com/generate_content_free_tier_requests, limit: 20, model: gemini-2.5-flash\nPlease retry in 35.042368407s.', 'status': 'RESOURCE_EXHAUSTED', 'details': [{'@type': 'type.googleapis.com/google.rpc.Help', 'links': [{'description': 'Learn more about Gemini API quotas', 'url': 'https://ai.google.dev/gemini-api/docs/rate-limits'}]}, {'@type': 'type.googleapis.com/google.rpc.QuotaFailure', 'violations': [{'quotaMetric': 'generativelanguage.googleapis.com/generate_content_free_tier_requests', 'quotaId': 'GenerateRequestsPerDayPerProjectPerModel-FreeTier', 'quotaDimensions': {'location': 'global', 'model': 'gemini-2.5-flash'}, 'quotaValue': '20'}]}, {'@type': 'type.googleapis.com/google.rpc.RetryInfo', 'retryDelay': '35s'}]}}",fibo.py,142f180cbbc2d1df1a9e8195b94d3b084440ccee,2026-03-09 23:14:47,25,1095,models/gemini-2.5-flash,0.0,0
45,What is Fibonacci number?,"The **Fibonacci numbers** are a sequence of numbers in which each number is the sum of the two preceding ones.

Here's the simple breakdown:

1.  **Starting Points:** The sequence usually begins with 0 and 1.
    *   F₀ = 0
    *   F₁ = 1

2.  **The Rule:** To get any subsequent number, you just add the two numbers before it.
    *   F_n = F_{n-1} + F_{n-2}

**The sequence begins:**

*   F₀ = 0
*   F₁ = 1
*   F₂ = 0 + 1 = 1
*   F₃ = 1 + 1 = 2
*   F₄ = 1 + 2 = 3
*   F₅ = 2 + 3 = 5
*   F₆ = 3 + 5 = 8
*   ... and so on.

So the sequence is: **0, 1, 1, 2, 3, 5, 8, 13, 21, 34, ...**

These numbers appear frequently in nature, mathematics, and various fields of study.",fibon.py,142f180cbbc2d1df1a9e8195b94d3b084440ccee,2026-03-09 23:19:13,25,670,models/gemini-2.5-flash,2.97,1
46,What is skibiddi toilet?,"Okay, let's go over **Skibidi Toilet** again.

**Skibidi Toilet** is a highly popular and surreal animated web series found on YouTube, created by the animator **DaFuq!?Boom!**.

Here's a quick summary:

*   **Premise:** It depicts an ongoing, absurd war between two main factions:
    *   **Skibidi Toilets:** These are human heads emerging from toilet bowls, who are the antagonists and sing a distinctive, catchy, nonsensical tune.
    *   **The Alliance (or Agents):** These are humanoid characters with heads replaced by cameras (Cameramen), speakers (Speakermen), or television screens (TVmen), who are fighting against the Skibidi Toilets.
*   **Format:** The episodes are typically very short (often under a few minutes), use CGI animation, and tell their story purely through action, sound effects, and music – there's no spoken dialogue.
*   **Popularity:** It became a massive viral phenomenon, especially with younger audiences, due to its pure absurdity, fast-paced action, constant escalation, and memorable music.
*   **Cultural Impact:** It has garnered billions of views, generated countless memes, and sparked discussions about online content consumption.",fibon.py,142f180cbbc2d1df1a9e8195b94d3b084440ccee,2026-03-09 23:19:22,24,1173,models/gemini-2.5-flash,2.46,0
47,What is the 5th fibonacci number,"The 5th Fibonacci number is **5**.

Here's how the sequence is typically generated:
*   F₀ = 0
*   F₁ = 1
*   F₂ = 1 (0 + 1)
*   F₃ = 2 (1 + 1)
*   F₄ = 3 (1 + 2)
*   **F₅ = 5** (2 + 3)",fibon.py,142f180cbbc2d1df1a9e8195b94d3b084440ccee,2026-03-09 23:19:33,32,185,models/gemini-2.5-flash,1.84,1
48,Who is the most subsribed youtuber?,"This depends on whether you're asking about an **individual creator** or a **channel overall** (which can be a company or media organization).

1.  **Most Subscribed Individual Creator:**
    As of my last update, the most subscribed individual YouTuber is **MrBeast (Jimmy Donaldson)**.
    *   He currently has well over **260 million subscribers**.

2.  **Most Subscribed Channel Overall:**
    The most subscribed channel on YouTube overall is **T-Series**, an Indian music record label and film production company.
    *   T-Series currently has over **270 million subscribers**.

So, while T-Series has more subscribers overall, MrBeast is the most subscribed *individual person* creating content on the platform. These numbers are constantly changing, though!",fibon.py,142f180cbbc2d1df1a9e8195b94d3b084440ccee,2026-03-09 23:20:13,35,766,models/gemini-2.5-flash,3.71,0
